{"eval_loss": 0.9205313920974731, "eval_accuracy": 0.7113348515721762, "eval_AUC_score_1": 0.7752582216524723, "eval_AUC_score_2": 0.764916600680083, "eval_FPR_Thresholds_0": [-0.09661865234375, 0.16064453125, 0.364013671875, 0.97607421875], "eval_FPR_Thresholds_2": [0.91552734375, 1.0185546875, 1.0634765625, 1.111328125], "eval_runtime": 36.5086, "eval_samples_per_second": 685.565, "eval_steps_per_second": 42.867, "epoch": 10.0}