{"eval_loss": 0.26130780577659607, "eval_accuracy": 0.8866376423308774, "eval_AUC_score_1": 0.8636580010330219, "eval_AUC_score_2": 0.9417629467757729, "eval_FPR_Thresholds_0": [0.8486328125, 1.1103515625, 1.271484375, 1.541015625], "eval_FPR_Thresholds_2": [1.64453125, 1.9931640625, 2.11328125, 2.27734375], "eval_runtime": 126.2471, "eval_samples_per_second": 189.216, "eval_steps_per_second": 5.917, "epoch": 6.0}