{"eval_loss": 0.9048535823822021, "eval_accuracy": 0.6883215470054737, "eval_AUC_score_1": 0.7507928914169419, "eval_AUC_score_2": 0.743653488771517, "eval_FPR_Thresholds_0": [0.0792236328125, 0.297607421875, 0.483642578125, 0.8916015625], "eval_FPR_Thresholds_2": [0.60595703125, 0.66162109375, 0.6875, 0.7236328125], "eval_runtime": 36.7702, "eval_samples_per_second": 680.688, "eval_steps_per_second": 42.562, "epoch": 10.0}