{"eval_loss": 0.2650531232357025, "eval_accuracy": 0.887684192900201, "eval_AUC_score_1": 0.8742513598485019, "eval_AUC_score_2": 0.9447813689627816, "eval_FPR_Thresholds_0": [0.6552734375, 1.0205078125, 1.2412109375, 1.640625], "eval_FPR_Thresholds_2": [1.615234375, 2.01171875, 2.162109375, 2.341796875], "eval_runtime": 127.6598, "eval_samples_per_second": 187.122, "eval_steps_per_second": 5.851, "epoch": 6.0}