{"eval_loss": 1.0652105808258057, "eval_accuracy": 0.5500819049902114, "eval_AUC_score_1": 0.674423430230747, "eval_AUC_score_2": 0.7021922755449977, "eval_FPR_Thresholds_0": [0.11158180981874466, 0.11497712880373001, 0.11700277775526047, 0.12099011242389679], "eval_FPR_Thresholds_2": [-0.06393976509571075, -0.05859227851033211, -0.055365189909935, -0.04933743551373482], "eval_runtime": 82.1549, "eval_samples_per_second": 304.656, "eval_steps_per_second": 19.049}